{
  "godel": {
    "v1-config.zip": {
      "hash": "d075d86a254dcd9ca1f198d771145015"
    }
  },
  "hyper": {
    "bundles": {
      "acs": {
        "in.juspay.godel": {
          "1.2.146": {
            "v1-acs.zip": {
              "hash": "84e6ee3c7c8a13bab4c9c80f50a55886"
            }
          }
        }
      },
      "android": {
        "release": {
          "in.juspay.upiintent": {
            "2.0.0": {
              "common": {
                "2.0.151": {
                  "v1-config.zip": {
                    "hash": "e35465fdb90f3d87fb8a9b19ab2aed74"
                  }
                }
              }
            }
          }
        }
      },
      "app": {
        "in.juspay.dotp": {
          "4.5.28": {
            "android": {
              "v1-index_bundle.zip": {
                "hash": "b97ddd166f6a1f2aa4ef4a94289ea607"
              }
            }
          }
        },
        "in.juspay.ec": {
          "3.28.0": {
            "android": {
              "v1-index_bundle.zip": {
                "hash": "35dee5a0d71eeb44d29b46287b5b879b"
              }
            }
          }
        },
        "in.juspay.escrow": {
          "3.5.1": {
            "android": {
              "v1-index_bundle.zip": {
                "hash": "d983abe8a482604595776bf35b6be09e"
              }
            }
          }
        },
        "in.juspay.flyer": {
          "2.5.2": {
            "android": {
              "v1-index_bundle.zip": {
                "hash": "f839bc6db955a6f8e23935445de08265"
              }
            }
          }
        },
        "in.juspay.godel": {
          "1.1.1": {
            "android": {
              "v1-index_bundle.zip": {
                "hash": "2ca7a415a33ec26826dacf7d6e55b0a5"
              }
            }
          },
          "1.3.11": {
            "android": {
              "v1-index_bundle.zip": {
                "hash": "0ff56f60c868aa7520863c7d01615bf0"
              }
            }
          }
        },
        "in.juspay.hyperpay": {
          "4.24.3-release-20240422.3": {
            "android": {
              "v1-index_bundle.zip": {
                "hash": "f96c7afc33db31bc92483dc114fb95e7"
              }
            }
          }
        },
        "in.juspay.hyperupi": {
          "2.2.306": {
            "android": {
              "v1-index_bundle.zip": {
                "hash": "f9a87dbe2ca3011adbafdd6f46b628ff"
              }
            }
          }
        },
        "in.juspay.inappupi": {
          "2.0.227": {
            "android": {
              "v1-index_bundle.zip": {
                "hash": "6d112724ded2b0be963e6e1d0888df9a"
              }
            }
          }
        },
        "in.juspay.upiintent": {
          "4.9.4": {
            "android": {
              "v1-index_bundle.zip": {
                "hash": "a3805c73d9fed509899272a85d2ff2df"
              }
            }
          }
        },
        "tracker": {
          "2.0.57": {
            "v1-tracker.zip": {
              "hash": "fed9c69a46378fbbee33e94f9d6d28f1"
            }
          },
          "2.1.18": {
            "v1-tracker.zip": {
              "hash": "cf760d94dda4524ed0a3503d93b3ac66"
            }
          },
          "2.1.5": {
            "v1-tracker.zip": {
              "hash": "aaa02ff5876752444ee836872a0d9c66"
            }
          }
        }
      },
      "config": {
        "in.juspay.godel": {
          "1.2.66": {
            "v1-config.zip": {
              "hash": "aad1ba338fa467b3f9450e9f7d9335b2"
            }
          },
          "1.2.67": {
            "v1-config.zip": {
              "hash": "e7bb866f2cc432f9781960341b5c345d"
            }
          }
        }
      },
      "in.juspay.merchants": {
        "arjsolutions": {
          "android": {
            "release": {
              "sdk_config.json": {
                "hash": "75fef58c3ef8341fbef1ea7fd4e73deb"
              }
            }
          }
        },
        "bbdaily": {
          "ios": {
            "release": {
              "config.json": {
                "hash": "3hkj23h5k23jh52kj3h"
              }
            }
          }
        }
      },
      "release": {
        "in.juspay.godel": {
          "android": {
            "1.0rc2": {
              "common": {
                "1.0.1": {
                  "v1-boot_loader.zip": {
                    "hash": "3b52f2f0d550507208f50689c5dff01f"
                  }
                },
                "stable": {
                  "v1-boot_loader.zip": {
                    "hash": "1a675fbf2067227d1857566bc3b4ebf6"
                  }
                }
              }
            }
          }
        }
      }
    },
    "configs": {
      "arjsolutions": {
        "in.juspay.hyperpay": {
          "1.13.3": {
            "v1-configuration.zip": {
              "hash": "8870c0d941deed351a2e71bada637c48"
            },
            "v1-icons.zip": {
              "hash": "d65fa6f071f731d23cd5a7be56380480"
            },
            "v1-strings.zip": {
              "hash": "be3f166a18d5966d5474d0d2714679b4"
            }
          }
        }
      }
    }
  },
  "juspay": {
    "payments": {
      "in.juspay.ec": {
        "release": {
          "v1-config.zip": {
            "hash": "01ec08875f5d676ef172339e7d3f9b8f"
          }
        }
      },
      "in.juspay.godel": {
        "release": {
          "1.0rc2": {
            "v1-acs.zip": {
              "hash": "0e6e2249b7adef09c1ffc8e673f312ae"
            }
          }
        }
      }
    }
  }
}