{"Fid":"eryrfVgJTkObJZW0BWtszK","Status":3,"AuthToken":"eyJhbGciOiJFUzI1NiIsInR5cCI6IkpXVCJ9.eyJhcHBJZCI6IjE6NzY4NTkwMzEyOmFuZHJvaWQ6YjM4MTM2NjIxNjllNTYxZWViMjQ1ZCIsImV4cCI6MTc2MTM5MDM0NSwiZmlkIjoiZXJ5cmZWZ0pUa09iSlpXMEJXdHN6SyIsInByb2plY3ROdW1iZXIiOjc2ODU5MDMxMn0.AB2LPV8wRgIhAKV10Qx5S4D5wQBhObLSBYRpu2kS1bL0oFZMx6tAM2rFAiEA-utjYANjihpzS0JlXPpVAHi0CW7Ynp3hdDeNQC3WkmM","RefreshToken":"3_AS3qfwKMlgRCtchrm-fHti2JDSHyEhqZjZRsrW2BdsZmi7EaHE0nISp8swdb1SrAUbGgA-IJ1PGQqr1GaBItRL0M1rGXPsz3YzlkiHreIn473jU","TokenCreationEpochInSecs":1760785545,"ExpiresInSecs":604800}