{"Fid":"e-Kk6JPmS-OeL2vfmQp4dN","Status":3,"AuthToken":"eyJhbGciOiJFUzI1NiIsInR5cCI6IkpXVCJ9.eyJhcHBJZCI6IjE6MTAyMzEzMzcyODg5NDphbmRyb2lkOmYyNWE2NzFmNTE5NGUxZDYxOGQ4MmYiLCJleHAiOjE3NjEzNzgwNDAsImZpZCI6ImUtS2s2SlBtUy1PZUwydmZtUXA0ZE4iLCJwcm9qZWN0TnVtYmVyIjoxMDIzMTMzNzI4ODk0fQ.AB2LPV8wRQIhAJbz-DGruGNfVdM0JNatPtMtC3vvjAnH81sfdw8eW9TqAiBecb0hsIhAi6TkSfrZGXGRq0CmlhMT2xRJAPgaRf7Jyw","RefreshToken":"3_AS3qfwK0JNFlHZN4B-W-tF21pELfHlH5MnuVPh_pVK3fhnc_W9D9sbTyNbJ2awDMhz_eLeJP2o5XZnWMfeC8jXbOExekVXthwzJFTZEHLlp9wA4","TokenCreationEpochInSecs":1760773240,"ExpiresInSecs":604800}