{"Fid":"emGk98JYTAW2tcOwKMVXwD","Status":3,"AuthToken":"eyJhbGciOiJFUzI1NiIsInR5cCI6IkpXVCJ9.eyJhcHBJZCI6IjE6NjU2MDU1OTI0NTM3OmFuZHJvaWQ6Y2VmZTkyOGMxODlhYjcxYzVkOWFlOCIsImV4cCI6MTc2MTMzNzA1MiwiZmlkIjoiZW1Hazk4SllUQVcydGNPd0tNVlh3RCIsInByb2plY3ROdW1iZXIiOjY1NjA1NTkyNDUzN30.AB2LPV8wRQIhAKDf0qzxUJpHE94PMEKNz1AF0Kw1-FQr428geCWyBhdhAiBBUtGqNHpNRQIwYwuwvARKqSDTosMgQPP55aDnsxz2jw","RefreshToken":"3_AS3qfwLL4IewvtL0IKHsTcu1EF4jd-_FJFWeX6T2GslnNx-o5vEzZYpnUTGHnS_LJ7DRCae7_EQb5o47kG6G52RLbAsd-zkDhgNP9Ognsx9iQw","TokenCreationEpochInSecs":1760732251,"ExpiresInSecs":604800}