{"Fid":"cqQW1obRROiXv9GJ-B0S3w","Status":3,"AuthToken":"eyJhbGciOiJFUzI1NiIsInR5cCI6IkpXVCJ9.eyJhcHBJZCI6IjE6NTI1MTQ4MTcxMDM4OmFuZHJvaWQ6MTUxOGVkYzAyOTBhMjBkMSIsImV4cCI6MTc2MTI3MzA3OSwiZmlkIjoiY3FRVzFvYlJST2lYdjlHSi1CMFMzdyIsInByb2plY3ROdW1iZXIiOjUyNTE0ODE3MTAzOH0.AB2LPV8wRAIgXsSvy_7mHXZTyD6hKwQNQMtl6om_7aHhYrBx56hDdHQCIHhAhLoMQRDCBpKvSncQXuqQIvw_UhOoBsC1Qw0hNWWq","RefreshToken":"3_AS3qfwLBbeUGN9FzcUv1GlvQzLl8qHZAQm1M3diqLoLWWA8y5AhVgfthwp3HJ0Gdm05O5NUjhHOVHDBNcPJnL5NCk1CPXRglqPxxPu3wVYWGllg","TokenCreationEpochInSecs":1760668278,"ExpiresInSecs":604800}