{"pb":[{"uniqueId":"3c9999de-7824-4c11-a3d5-21e0a86d18fe","targetUrl":"https:\/\/rt.applovin.col\/4.0\/pix","backupUrl":"https:\/\/rt.applvn.col\/4.0\/pix","encodingType":"DEFAULT","isEncodingEnabled":true,"gzipBodyEncoding":false,"isAllowedPreInitEvent":true,"attemptNumber":1,"parameters":{"api_level":"34","tds":"112977457152","is_tablet":"false","adns":"3.0","rid":"b93829d1-2014-4607-ace1-7de159097bfe","af_ts_ms":"0","j8":"true","idfv_scope":"1","lmt":"452984832","network_restricted":"false","ia":"1760731516570","model":"RMX3660","idfv":"ca375ede-9096-ab60-6294-ff107fc06fe3","brand":"realme","hardware":"qcom","server_installed_at":"","af":"0","bt_ms":"1760007934665","test_ads":"false","first_install":"true","dnt":"false","mute_switch":"2","accept":"custom_size,launch_app,video","alts_ms":"1760732249400","app_launch_count":"1","current_retry_attempt":"1","aif":"false","ps_apg":"true","plugin_version":"13.3.1.0","screen_size_in":"6.715759466046848","omid_sdk_version":"1.5.3-Applovin","first_install_v2":"true","sb":"0","sc":"","kb":"en_GB","ah_random_user_token":"","sdk_version":"13.3.1","so":"7,2,1,18,8","event":"paused","muted":"false","art":"null","ah_sdk_package_name":"com.applovin.array.apphub.vincere","lpm":"1","session_id":"7035aea0-979c-426b-a114-3cca4a8ed911","app_name":"Dashreels","tg":"23","event_id":"e0df69ea-0807-498e-a8a5-cb124b3c8776","tm":"5665337344","supported_abis":"[\"arm64-v8a\",\"armeabi-v7a\",\"armeabi\"]","ydpi":"390.769","da":"0.0","font":"1.0","ts":"1760732259677","sowpie":"false","lm":"false","orientation_lock":"portrait","tv":"false","app_version":"1.0.99","ps_aipg":"true","aida":"true","dm":"0.0","acm":"17","target_sdk":"35","mcc":"405","ps_tpg":"true","act":"4","dx":"1080","ma":"false","applovin_random_token":"61a93a21-7267-4e7f-ab39-d8b89c58c78e","tz_offset":"5.5","dy":"2400","app_version_code":"426","api_did":"","test_mode":"0","process_name":"com.dashtoon.video.reels","min_sdk":"26","mtl":"20","format":"json","brand_name":"realme","ps_version_code":"84832530","adr":"false","revision":"RE588BL1","play_store_disabled":"false","volume":"25.0","country_code":"IN","spo":"false","device_orientation":"portrait","ah_sdk_version_code":"-1","adnsd":"480","vs":"false","first_install_v3_ms":"1760731474166","vz":"975cc39ea5aa3f60","fm":"1425203200","locale":"en_GB","fs":"12303486976","postback_ts":"1760732261330","platform":"android","network":"5g","installer_name":"bin.mt.plus.canary","is_pc":"false","sim":"false","dnt_code":"dnt_not_set","xdpi":"391.885","ab_ts_ms":"1760732259428","sc3":"","mnc":"840","debug":"false","sc2":"","os":"14","tssf_ms":"-1","compass_random_token":"acecd3b1-b173-4632-a6ce-d104308e62cd","psase":"true","is_main_process":"true","ps_capg":"true","gy":"true","carrier":"JIO 4G","pc":"8","tbalsi_ms":"8496","hdr":"true","ps_version":"48.3.25-31 [0] [PR] 816253320","package_name":"com.dashtoon.video.reels","mediation_provider":"admob"},"httpHeaders":{"AppLovin-Event":"paused","Content-Type":"application\/json; charset=utf-8"},"requestBody":{}},{"uniqueId":"c38e1543-4686-46b9-a996-4617ecc8d258","targetUrl":"https:\/\/rt.applovin.col\/4.0\/pix","backupUrl":"https:\/\/rt.applvn.col\/4.0\/pix","encodingType":"DEFAULT","isEncodingEnabled":true,"gzipBodyEncoding":false,"isAllowedPreInitEvent":true,"attemptNumber":1,"parameters":{"api_level":"34","tds":"112977457152","is_tablet":"false","adns":"3.0","rid":"a580c9d3-e5bc-4687-950b-ea45184f75d6","af_ts_ms":"1760732270264","j8":"true","idfv_scope":"1","lmt":"452984832","network_restricted":"false","ia":"1760731516570","model":"RMX3660","idfv":"ca375ede-9096-ab60-6294-ff107fc06fe3","brand":"realme","hardware":"qcom","server_installed_at":"","af":"0","bt_ms":"1760007934665","test_ads":"false","first_install":"true","dnt":"false","mute_switch":"2","accept":"custom_size,launch_app,video","alts_ms":"1760732249400","app_launch_count":"1","aif":"true","ps_apg":"true","plugin_version":"13.3.1.0","screen_size_in":"6.715759466046848","omid_sdk_version":"1.5.3-Applovin","first_install_v2":"true","sb":"0","sc":"","kb":"en_GB","ah_random_user_token":"","sdk_version":"13.3.1","so":"7,2,1,18,8","event":"landing","muted":"false","art":"null","ah_sdk_package_name":"com.applovin.array.apphub.vincere","lpm":"1","session_id":"7035aea0-979c-426b-a114-3cca4a8ed911","app_name":"Dashreels","tg":"23","event_id":"ab19d1a3-e1f2-4138-8c5a-bf884def08e4","tm":"5665337344","supported_abis":"[\"arm64-v8a\",\"armeabi-v7a\",\"armeabi\"]","ydpi":"390.769","da":"33.58605","font":"1.0","ts":"1760732270379","sowpie":"false","lm":"false","orientation_lock":"portrait","tv":"false","app_version":"1.0.99","ps_aipg":"true","aida":"true","dm":"2.0248327","acm":"17","target_sdk":"35","mcc":"405","ps_tpg":"true","act":"4","dx":"1080","ma":"false","applovin_random_token":"61a93a21-7267-4e7f-ab39-d8b89c58c78e","tz_offset":"5.5","dy":"2400","app_version_code":"426","api_did":"","test_mode":"0","process_name":"com.dashtoon.video.reels","min_sdk":"26","mtl":"20","format":"json","brand_name":"realme","ps_version_code":"84832530","adr":"false","revision":"RE588BL1","play_store_disabled":"false","volume":"25.0","country_code":"IN","spo":"false","device_orientation":"portrait","ah_sdk_version_code":"-1","adnsd":"480","vs":"false","first_install_v3_ms":"1760731474166","vz":"975cc39ea5aa3f60","fm":"1425293312","locale":"en_GB","fs":"12297068544","postback_ts":"1760732271465","platform":"android","network":"5g","installer_name":"bin.mt.plus.canary","is_pc":"false","sim":"false","dnt_code":"dnt_not_set","xdpi":"391.885","ab_ts_ms":"1760732259428","sc3":"","mnc":"840","debug":"false","sc2":"","os":"14","tssf_ms":"-1","compass_random_token":"acecd3b1-b173-4632-a6ce-d104308e62cd","psase":"true","is_main_process":"true","ps_capg":"true","gy":"true","carrier":"JIO 4G","pc":"8","tbalsi_ms":"8496","hdr":"true","ps_version":"48.3.25-31 [0] [PR] 816253320","package_name":"com.dashtoon.video.reels","mediation_provider":"admob"},"httpHeaders":{"AppLovin-Event":"landing","Content-Type":"application\/json; charset=utf-8"},"requestBody":{}},{"uniqueId":"96d60973-123b-4e68-ad89-d1919c09665e","targetUrl":"https:\/\/rt.applovin.col\/4.0\/pix","backupUrl":"https:\/\/rt.applvn.col\/4.0\/pix","encodingType":"DEFAULT","isEncodingEnabled":true,"gzipBodyEncoding":false,"isAllowedPreInitEvent":true,"attemptNumber":1,"parameters":{"api_level":"34","tds":"112977457152","is_tablet":"false","adns":"3.0","rid":"f5ac1f6b-eb23-44a2-9247-11f662605fd0","af_ts_ms":"1760732270264","j8":"true","idfv_scope":"1","lmt":"452984832","network_restricted":"false","ia":"1760731516570","model":"RMX3660","idfv":"ca375ede-9096-ab60-6294-ff107fc06fe3","brand":"realme","hardware":"qcom","server_installed_at":"","af":"0","bt_ms":"1760007934665","test_ads":"false","first_install":"true","dnt":"false","mute_switch":"2","accept":"custom_size,launch_app,video","alts_ms":"1760732249400","app_launch_count":"1","aif":"true","ps_apg":"true","plugin_version":"13.3.1.0","screen_size_in":"6.715759466046848","omid_sdk_version":"1.5.3-Applovin","first_install_v2":"true","sb":"0","sc":"","kb":"en_GB","ah_random_user_token":"","sdk_version":"13.3.1","so":"7,2,1,18,8","event":"resumed","muted":"false","art":"null","ah_sdk_package_name":"com.applovin.array.apphub.vincere","lpm":"1","session_id":"7035aea0-979c-426b-a114-3cca4a8ed911","app_name":"Dashreels","tg":"23","event_id":"965438a9-0e29-468b-ad3f-0631a5da4462","tm":"5665337344","supported_abis":"[\"arm64-v8a\",\"armeabi-v7a\",\"armeabi\"]","ydpi":"390.769","da":"31.110794","font":"1.0","ts":"1760732270582","sowpie":"false","lm":"false","orientation_lock":"portrait","tv":"false","app_version":"1.0.99","ps_aipg":"true","aida":"true","dm":"1.7768104","acm":"17","target_sdk":"35","mcc":"405","ps_tpg":"true","act":"4","dx":"1080","ma":"false","applovin_random_token":"61a93a21-7267-4e7f-ab39-d8b89c58c78e","tz_offset":"5.5","dy":"2400","app_version_code":"426","api_did":"","test_mode":"0","process_name":"com.dashtoon.video.reels","min_sdk":"26","mtl":"20","format":"json","brand_name":"realme","ps_version_code":"84832530","adr":"false","revision":"RE588BL1","play_store_disabled":"false","volume":"25.0","country_code":"IN","spo":"false","device_orientation":"portrait","ah_sdk_version_code":"-1","adnsd":"480","vs":"false","first_install_v3_ms":"1760731474166","vz":"975cc39ea5aa3f60","fm":"1342849024","locale":"en_GB","fs":"12296867840","postback_ts":"1760732271837","platform":"android","network":"5g","installer_name":"bin.mt.plus.canary","is_pc":"false","sim":"false","dnt_code":"dnt_not_set","xdpi":"391.885","ab_ts_ms":"1760732259428","sc3":"","mnc":"840","debug":"false","sc2":"","os":"14","tssf_ms":"-1","compass_random_token":"acecd3b1-b173-4632-a6ce-d104308e62cd","psase":"true","is_main_process":"true","ps_capg":"true","gy":"true","carrier":"JIO 4G","pc":"8","tbalsi_ms":"8496","hdr":"true","ps_version":"48.3.25-31 [0] [PR] 816253320","package_name":"com.dashtoon.video.reels","mediation_provider":"admob"},"httpHeaders":{"AppLovin-Event":"resumed","Content-Type":"application\/json; charset=utf-8"},"requestBody":{}}]}