{"url":"https:\/\/webview.unityads.unity3d.com\/webview_test\/4.0.0\/c2ba73b941d6a0371305c27a7abd32088fd2d4db\/release\/index.html","hash":"7572e8d7bda96dd8aee66e5f1172365db45b6f2e21f597a452d37fbb8607d552","version":"c2ba73b941d6a0371305c27a7abd32088fd2d4db","dwu":false,"sdkv":"4.0.0","murl":"https:\/\/gateway.unityads.unity3d.com\/legacy\/diagnostics\/v2\/metrics","msr":5,"omn":"Unity3d","omv":"1.3.0","sto":30000,"lto":60000,"src":"srvc","expo":{"gjl":{"value":"true"},"lto":{"value":"60000"},"osg":{"applied":"current","value":true},"sendShowConsentEvent":{"value":"true"},"sto":{"value":"30000"},"tsi":{"value":"true"},"tsi_nt":{"value":"true"},"tsi_p":{"value":"true"},"tsi_prw":{"value":"true"},"tsi_upii":{"value":"false"},"wgr":{"value":"true"}}}