<?xml version='1.0' encoding='utf-8' standalone='yes' ?>
<map>
    <long name="first_open_time" value="1760668277530" />
    <string name="gmp_app_id">1:525148171038:android:1518edc0290a20d1</string>
    <string name="app_instance_id">aaf7f35a75a2cf55b8e4db32c8fb35ce</string>
    <long name="session_id" value="1760668278" />
    <boolean name="app_backgrounded" value="false" />
    <long name="health_monitor:start" value="1760668278127" />
    <boolean name="use_service" value="true" />
    <boolean name="deferred_analytics_collection" value="false" />
    <string name="previous_os_version">15</string>
    <boolean name="has_been_opened" value="true" />
    <boolean name="allow_remote_dynamite" value="true" />
    <long name="last_pause_time" value="1760668798726" />
    <boolean name="start_new_session" value="false" />
</map>
