<?xml version='1.0' encoding='utf-8' standalone='yes' ?>
<map>
    <int name="comms_mtd:8W6-4W8-8R5Z" value="0" />
    <int name="comms_first_ts:8W6-4W8-8R5Z" value="1760668280" />
    <string name="deviceId:8W6-4W8-8R5Z">__2398f4ae1b7940d7975d4f99a78c43a4</string>
    <string name="instance:8W6-4W8-8R5Z">{&quot;accountId&quot;:&quot;8W6-4W8-8R5Z&quot;,&quot;accountToken&quot;:&quot;b04-60b&quot;,&quot;analyticsOnly&quot;:false,&quot;isDefaultInstance&quot;:true,&quot;useGoogleAdId&quot;:false,&quot;disableAppLaunchedEvent&quot;:false,&quot;personalization&quot;:true,&quot;debugLevel&quot;:0,&quot;createdPostAppLaunch&quot;:false,&quot;sslPinning&quot;:false,&quot;backgroundSync&quot;:true,&quot;getEnableCustomCleverTapId&quot;:false,&quot;beta&quot;:false,&quot;allowedPushTypes&quot;:[&quot;FCM&quot;,&quot;XPS&quot;,&quot;HPS&quot;,&quot;BPS&quot;,&quot;ADM&quot;]}</string>
    <string name="ict_date:__2398f4ae1b7940d7975d4f99a78c43a4:8W6-4W8-8R5Z">17102025</string>
    <string name="comms_dmn_spiky:8W6-4W8-8R5Z">eu1-spiky.clevertap-prod.com</string>
    <int name="lastSessionId:8W6-4W8-8R5Z" value="1760668277" />
    <string name="fcm_token:8W6-4W8-8R5Z">cqQW1obRROiXv9GJ-B0S3w:APA91bGo8sxm8802qnRWSrjeAhMOGQx3gz46BPxLIRM0vD2WAcBaI-DrCX_Ec_uBt7XV2v3hYhfP4iCKVVmSk7HR3gVjaRC5MLnWluAPlGNkjc4lwFJfeL4</string>
    <int name="pfjobid" value="1446625357" />
    <int name="istc_inapp:__2398f4ae1b7940d7975d4f99a78c43a4:8W6-4W8-8R5Z" value="0" />
    <string name="SP_KEY_PROFILE_IDENTITIES:8W6-4W8-8R5Z">Email,Identity</string>
    <boolean name="firstTimeRequest" value="false" />
    <int name="sexe:8W6-4W8-8R5Z" value="1760668798" />
    <string name="comms_dmn:8W6-4W8-8R5Z">eu1.clevertap-prod.com</string>
    <int name="comms_last_ts:8W6-4W8-8R5Z" value="1760668281" />
</map>
