<?xml version='1.0' encoding='utf-8' standalone='yes' ?>
<map>
    <long name="first_open_time" value="1759755293295" />
    <string name="gmp_app_id">1:1023133728894:android:f25a671f5194e1d618d82f</string>
    <string name="app_instance_id">c3acaa44b474d55b7ea556677c5cc647</string>
    <long name="session_id" value="1760893270" />
    <boolean name="app_backgrounded" value="true" />
    <long name="health_monitor:start" value="1760893270379" />
    <boolean name="use_service" value="true" />
    <boolean name="deferred_analytics_collection" value="false" />
    <string name="previous_os_version">14</string>
    <boolean name="has_been_opened" value="true" />
    <boolean name="allow_remote_dynamite" value="true" />
    <long name="last_pause_time" value="1760893275477" />
    <boolean name="start_new_session" value="false" />
</map>
