<?xml version='1.0' encoding='utf-8' standalone='yes' ?>
<map>
    <long name="first_open_time" value="1732020701625" />
    <string name="gmp_app_id">1:768590312:android:b3813662169e561eeb245d</string>
    <string name="app_instance_id">d5c24a5390bd7a984f13def92e7737f6</string>
    <boolean name="has_been_opened" value="true" />
    <string name="health_monitor:value">2EC74029:Failed to send default event parameters to service</string>
    <boolean name="app_backgrounded" value="true" />
    <boolean name="allow_remote_dynamite" value="true" />
    <long name="health_monitor:start" value="1732020792705" />
    <boolean name="use_service" value="true" />
    <boolean name="start_new_session" value="true" />
    <long name="health_monitor:count" value="16" />
</map>
