<?xml version='1.0' encoding='utf-8' standalone='yes' ?>
<map>
    <set name="fire-core/20.3.0 android-installer/com.android.packageinstaller fire-cls-ktx/18.3.5 fire-cls/18.3.5 android-min-sdk/26 fire-core-ktx/20.3.0 fire-analytics-ktx/21.2.0 device-brand/Redmi device-name/lime_in fire-analytics/21.2.0 fire-fcm/23.1.0 fire-auth/21.1.0 fire-android/28 device-model/lime fire-installations/17.1.2 android-platform/ fire-transport/18.1.7 kotlin/1.9.0 android-target-sdk/34">
        <string>2025-10-18</string>
    </set>
    <string name="last-used-date">2025-10-18</string>
    <long name="fire-count" value="1" />
    <long name="fire-global" value="1760785544391" />
</map>
