<?xml version='1.0' encoding='utf-8' standalone='yes' ?>
<map>
    <string name="prev_event_name">appsFlyerInstall</string>
    <boolean name="didSendRevenueTriggerOnLastBackground" value="true" />
    <long name="prev_event_timestamp" value="1760732276966" />
    <int name="appsFlyerInAppEventCount" value="21" />
    <string name="gcd">{&quot;net&quot;:2191,&quot;retries&quot;:0}</string>
    <long name="prev_session_dur" value="2" />
    <boolean name="ddl_sent" value="true" />
    <long name="af_rc_max_age" value="86400" />
    <string name="sentSuccessfully">true</string>
    <string name="af_remote_config">eyJmZWF0dXJlcyI6e30sInZlciI6ImRlZmF1bHQudjEuMTYzNzE0OTUyOSJ9</string>
    <int name="versionCode" value="426" />
    <string name="savedProperties">{&quot;uid&quot;:&quot;1760732253404-2336391119314299960&quot;,&quot;waitForCustomerId&quot;:&quot;false&quot;,&quot;onelinkVersion&quot;:&quot;4&quot;,&quot;logLevel&quot;:&quot;4&quot;,&quot;oneLinkSlug&quot;:&quot;Lz3o&quot;,&quot;onelinkDomain&quot;:&quot;dashreels.onelink.me&quot;,&quot;additionalCustomData&quot;:&quot;{\&quot;userId:\&quot;:\&quot;fMXWKl2tqOTPFIypuhzLLnhw8al2\&quot;}&quot;,&quot;AppUserId&quot;:&quot;fMXWKl2tqOTPFIypuhzLLnhw8al2&quot;}</string>
    <string name="AF_INSTALLATION">1760732253404-2336391119314299960</string>
    <boolean name="afUninstallToken_queued" value="false" />
    <int name="appsFlyerCount" value="3" />
    <long name="af_rc_timestamp" value="1760732253820" />
    <long name="AppsFlyerTimePassedSincePrevLaunch" value="1760732272911" />
    <boolean name="newGPReferrerSent" value="true" />
    <string name="first_launch">{&quot;net&quot;:2523,&quot;from_fg&quot;:380,&quot;start_with&quot;:&quot;activity&quot;,&quot;init_to_fg&quot;:36}</string>
    <string name="appsFlyerFirstInstall"></string>
    <string name="attributionId">{&quot;install_time&quot;:&quot;2025-10-17 20:17:45.031&quot;,&quot;af_message&quot;:&quot;organic install&quot;,&quot;af_status&quot;:&quot;Organic&quot;,&quot;is_first_launch&quot;:false}</string>
</map>
