<?xml version='1.0' encoding='utf-8' standalone='yes' ?>
<map>
    <string name="super_properties">{&quot;$lib_version&quot;:&quot;2.4.4&quot;,&quot;mp_lib&quot;:&quot;flutter&quot;,&quot;isAnonymous&quot;:true,&quot;phoneNumber&quot;:false,&quot;userEmail&quot;:&quot;&quot;,&quot;userName&quot;:&quot;&quot;,&quot;userId&quot;:&quot;fMXWKl2tqOTPFIypuhzLLnhw8al2&quot;}</string>
    <boolean name="had_persisted_distinct_id" value="false" />
    <boolean name="events_user_id_present" value="false" />
    <string name="events_distinct_id">$device:945f5b5e-8875-4968-b36d-2089c8827519</string>
    <string name="anonymous_id">945f5b5e-8875-4968-b36d-2089c8827519</string>
</map>
