<?xml version='1.0' encoding='utf-8' standalone='yes' ?>
<map>
    <string name="flutter.MIXPANEL_DISTINCT_ID">$device:945f5b5e-8875-4968-b36d-2089c8827519</string>
    <boolean name="flutter.renderHomeV2" value="true" />
    <string name="flutter.countryCode">IN</string>
    <boolean name="flutter.appsflyerDeepLinked" value="true" />
    <string name="flutter.lastSessionId">50908ce0-ab96-11f0-a31d-67ac1775c8ee</string>
    <string name="flutter.alternateTrialScreen">&quot;true&quot;</string>
    <string name="flutter.homeRevampRollout">&quot;false&quot;</string>
    <boolean name="flutter.onboardingShown" value="true" />
    <string name="flutter.PREFERRED_LANGUAGE">hi</string>
    <boolean name="flutter.firstSession" value="false" />
    <boolean name="flutter.didShowFirstNotificationPrompt" value="true" />
    <long name="flutter.lastSessionStartTime" value="1760732253358" />
    <boolean name="flutter.firstTimeLaunch" value="false" />
    <string name="flutter.languages">VGhpcyBpcyB0aGUgcHJlZml4IGZvciBhIGxpc3Qu![&quot;Hindi&quot;]</string>
    <string name="flutter.subscriptionVariant">&quot;D&quot;</string>
    <string name="flutter.startOnExplore">&quot;false&quot;</string>
</map>
