<?xml version='1.0' encoding='utf-8' standalone='yes' ?>
<map>
    <string name="auid">5dfa2761-8088-46bd-aa04-19e912556c52</string>
    <string name="search_keys">{&quot;success&quot;:&quot;&quot;,&quot;fail&quot;:&quot;&quot;,&quot;searchKeys&quot;:[&quot;market://&quot;,&quot;play.google.com&quot;],&quot;acknowledgeWith&quot;:&quot;acknowledgeMessage&quot;,&quot;declineWith&quot;:&quot;errorTest&quot;}</string>
    <string name="version">8.9.1</string>
    <string name="unityads-idfi">2522bffb-2225-41aa-8a4c-db36728115ff</string>
</map>
